
SQL> 1. Employee Names and Locations

SQL> SELECT E.*,LOC
  2  FROM EMP E,DEPT D
  3  WHERE E.DEPTNO=D.DEPTNO;

     EMPNO ENAME      JOB              MGR HIREDATE         SAL       COMM     DEPTNO LOC                                                                                                                                                                                                                                                                                                                                                                                                                                                                                                                                                                                                                                                                                                                                                                                                                                                                                                                                               
---------- ---------- --------- ---------- --------- ---------- ---------- ---------- -------------                                                                                                                                                                                                                                                                                                                                                                                                                                                                                                                                                                                                                                                                                                                                                                                                                                                                                                                                     
      7782 CLARK      MANAGER         7839 09-JUN-81       2450                    10 NEW YORK                                                                                                                                                                                                                                                                                                                                                                                                                                                                                                                                                                                                                                                                                                                                                                                                                                                                                                                                          
      7839 KING       PRESIDENT            17-NOV-81       5000                    10 NEW YORK                                                                                                                                                                                                                                                                                                                                                                                                                                                                                                                                                                                                                                                                                                                                                                                                                                                                                                                                          
      7934 MILLER     CLERK           7782 23-JAN-82       1300                    10 NEW YORK                                                                                                                                                                                                                                                                                                                                                                                                                                                                                                                                                                                                                                                                                                                                                                                                                                                                                                                                          
      7566 JONES      MANAGER         7839 02-APR-81       2975                    20 DALLAS                                                                                                                                                                                                                                                                                                                                                                                                                                                                                                                                                                                                                                                                                                                                                                                                                                                                                                                                            
      7902 FORD       ANALYST         7566 03-DEC-81       3000                    20 DALLAS                                                                                                                                                                                                                                                                                                                                                                                                                                                                                                                                                                                                                                                                                                                                                                                                                                                                                                                                            
      7876 ADAMS      CLERK           7788 23-MAY-87       1100                    20 DALLAS                                                                                                                                                                                                                                                                                                                                                                                                                                                                                                                                                                                                                                                                                                                                                                                                                                                                                                                                            
      7369 SMITH      CLERK           7902 17-DEC-80        800                    20 DALLAS                                                                                                                                                                                                                                                                                                                                                                                                                                                                                                                                                                                                                                                                                                                                                                                                                                                                                                                                            
      7788 SCOTT      ANALYST         7566 19-APR-87       3000                    20 DALLAS                                                                                                                                                                                                                                                                                                                                                                                                                                                                                                                                                                                                                                                                                                                                                                                                                                                                                                                                            
      7521 WARD       SALESMAN        7698 22-FEB-81       1250        500         30 CHICAGO                                                                                                                                                                                                                                                                                                                                                                                                                                                                                                                                                                                                                                                                                                                                                                                                                                                                                                                                           
      7844 TURNER     SALESMAN        7698 08-SEP-81       1500          0         30 CHICAGO                                                                                                                                                                                                                                                                                                                                                                                                                                                                                                                                                                                                                                                                                                                                                                                                                                                                                                                                           
      7499 ALLEN      SALESMAN        7698 20-FEB-81       1600        300         30 CHICAGO                                                                                                                                                                                                                                                                                                                                                                                                                                                                                                                                                                                                                                                                                                                                                                                                                                                                                                                                           
      7900 JAMES      CLERK           7698 03-DEC-81        950                    30 CHICAGO                                                                                                                                                                                                                                                                                                                                                                                                                                                                                                                                                                                                                                                                                                                                                                                                                                                                                                                                           
      7698 BLAKE      MANAGER         7839 01-MAY-81       2850                    30 CHICAGO                                                                                                                                                                                                                                                                                                                                                                                                                                                                                                                                                                                                                                                                                                                                                                                                                                                                                                                                           
      7654 MARTIN     SALESMAN        7698 28-SEP-81       1250       1400         30 CHICAGO                                                                                                                                                                                                                                                                                                                                                                                                                                                                                                                                                                                                                                                                                                                                                                                                                                                                                                                                           

14 rows selected.

SQL> --2. Department Names and Salaries in Accounting

SQL> SELECT DNAME,E.SAL
  2  FROM EMP E INNER JOIN DEPT D
  3  ON E.DEPTNO=D.DEPTNO
  4  WHERE DNAME='ACCOUNTING';

DNAME                 SAL                                                                                                                                                                                                                                                                                                                                                                                                                                                                                                                                                                                                                                                                                                                                                                                                                                                                                                                                                                                                               
-------------- ----------                                                                                                                                                                                                                                                                                                                                                                                                                                                                                                                                                                                                                                                                                                                                                                                                                                                                                                                                                                                                               
ACCOUNTING           2450                                                                                                                                                                                                                                                                                                                                                                                                                                                                                                                                                                                                                                                                                                                                                                                                                                                                                                                                                                                                               
ACCOUNTING           5000                                                                                                                                                                                                                                                                                                                                                                                                                                                                                                                                                                                                                                                                                                                                                                                                                                                                                                                                                                                                               
ACCOUNTING           1300                                                                                                                                                                                                                                                                                                                                                                                                                                                                                                                                                                                                                                                                                                                                                                                                                                                                                                                                                                                                               

SQL> 
SQL> --3. Department Names and Annual Salaries for High Earners
More than 2340.

SQL> SELECT DNAME,E.SAL*12
  2  FROM EMP E INNER JOIN DEPT D
  3  ON E.DEPTNO=D.DEPTNO
  4  WHERE SAL > 2340;

DNAME            E.SAL*12                                                                                                                                                                                                                                                                                                                                                                                                                                                                                                                                                                                                                                                                                                                                                                                                                                                                                                                                                                                                               
-------------- ----------                                                                                                                                                                                                                                                                                                                                                                                                                                                                                                                                                                                                                                                                                                                                                                                                                                                                                                                                                                                                               
ACCOUNTING          29400                                                                                                                                                                                                                                                                                                                                                                                                                                                                                                                                                                                                                                                                                                                                                                                                                                                                                                                                                                                                               
ACCOUNTING          60000                                                                                                                                                                                                                                                                                                                                                                                                                                                                                                                                                                                                                                                                                                                                                                                                                                                                                                                                                                                                               
RESEARCH            36000                                                                                                                                                                                                                                                                                                                                                                                                                                                                                                                                                                                                                                                                                                                                                                                                                                                                                                                                                                                                               
RESEARCH            36000                                                                                                                                                                                                                                                                                                                                                                                                                                                                                                                                                                                                                                                                                                                                                                                                                                                                                                                                                                                                               
RESEARCH            35700                                                                                                                                                                                                                                                                                                                                                                                                                                                                                                                                                                                                                                                                                                                                                                                                                                                                                                                                                                                                               
SALES               34200                                                                                                                                                                                                                                                                                                                                                                                                                                                                                                                                                                                                                                                                                                                                                                                                                                                                                                                                                                                                               

6 rows selected.

SQL> -4. Employee and Department Names with 'A' in Department Name


SQL> SELECT ENAME,DNAME
  2  FROM EMP E,DEPT D
  3  WHERE E.DEPTNO=D.DEPTNO AND ENAME LIKE '%A%';

ENAME      DNAME                                                                                                                                                                                                                                                                                                                                                                                                                                                                                                                                                                                                                                                                                                                                                                                                                                                                                                                                                                                                                        
---------- --------------                                                                                                                                                                                                                                                                                                                                                                                                                                                                                                                                                                                                                                                                                                                                                                                                                                                                                                                                                                                                               
ALLEN      SALES                                                                                                                                                                                                                                                                                                                                                                                                                                                                                                                                                                                                                                                                                                                                                                                                                                                                                                                                                                                                                        
WARD       SALES                                                                                                                                                                                                                                                                                                                                                                                                                                                                                                                                                                                                                                                                                                                                                                                                                                                                                                                                                                                                                        
MARTIN     SALES                                                                                                                                                                                                                                                                                                                                                                                                                                                                                                                                                                                                                                                                                                                                                                                                                                                                                                                                                                                                                        
BLAKE      SALES                                                                                                                                                                                                                                                                                                                                                                                                                                                                                                                                                                                                                                                                                                                                                                                                                                                                                                                                                                                                                        
CLARK      ACCOUNTING                                                                                                                                                                                                                                                                                                                                                                                                                                                                                                                                                                                                                                                                                                                                                                                                                                                                                                                                                                                                                   
ADAMS      RESEARCH                                                                                                                                                                                                                                                                                                                                                                                                                                                                                                                                                                                                                                                                                                                                                                                                                                                                                                                                                                                                                     
JAMES      SALES                                                                                                                                                                                                                                                                                                                                                                                                                                                                                                                                                                                                                                                                                                                                                                                                                                                                                                                                                                                                                        

7 rows selected.

SQL> 
SQL> --5. Employee and Department Names for Salesmen


SQL> SELECT ENAME,DNAME
  2  FROM EMP E INNER JOIN DEPT D
  3  ON E.DEPTNO=D.DEPTNO
  4  WHERE JOB='SALESMAN';

ENAME      DNAME                                                                                                                                                                                                                                                                                                                                                                                                                                                                                                                                                                                                                                                                                                                                                                                                                                                                                                                                                                                                                        
---------- --------------                                                                                                                                                                                                                                                                                                                                                                                                                                                                                                                                                                                                                                                                                                                                                                                                                                                                                                                                                                                                               
ALLEN      SALES                                                                                                                                                                                                                                                                                                                                                                                                                                                                                                                                                                                                                                                                                                                                                                                                                                                                                                                                                                                                                        
TURNER     SALES                                                                                                                                                                                                                                                                                                                                                                                                                                                                                                                                                                                                                                                                                                                                                                                                                                                                                                                                                                                                                        
MARTIN     SALES                                                                                                                                                                                                                                                                                                                                                                                                                                                                                                                                                                                                                                                                                                                                                                                                                                                                                                                                                                                                                        
WARD       SALES                                                                                                                                                                                                                                                                                                                                                                                                                                                                                                                                                                                                                                                                                                                                                                                                                                                                                                                                                                                                                        

SQL> 
SQL> --6. Department Names and Jobs Starting with 'S'


SQL> SELECT DNAME,JOB
  2  FROM EMP E INNER JOIN DEPT D
  3  ON E.DEPTNO=D.DEPTNO
  4  WHERE JOB LIKE 'S%' AND DNAME LIKE 'S%';

DNAME          JOB                                                                                                                                                                                                                                                                                                                                                                                                                                                                                                                                                                                                                                                                                                                                                                                                                                                                                                                                                                                                                      
-------------- ---------                                                                                                                                                                                                                                                                                                                                                                                                                                                                                                                                                                                                                                                                                                                                                                                                                                                                                                                                                                                                                
SALES          SALESMAN                                                                                                                                                                                                                                                                                                                                                                                                                                                                                                                                                                                                                                                                                                                                                                                                                                                                                                                                                                                                                 
SALES          SALESMAN                                                                                                                                                                                                                                                                                                                                                                                                                                                                                                                                                                                                                                                                                                                                                                                                                                                                                                                                                                                                                 
SALES          SALESMAN                                                                                                                                                                                                                                                                                                                                                                                                                                                                                                                                                                                                                                                                                                                                                                                                                                                                                                                                                                                                                 
SALES          SALESMAN                                                                                                                                                                                                                                                                                                                                                                                                                                                                                                                                                                                                                                                                                                                                                                                                                                                                                                                                                                                                                 

SQL> 
SQL> --7. Department Names and Manager Numbers for Employees Reporting to 7839


SQL> SELECT DNAME,MGR
  2  FROM EMP E INNER JOIN DEPT D
  3  ON E.DEPTNO=D.DEPTNO
  4  WHERE EMPNO=7839;

DNAME                 MGR                                                                                                                                                                                                                                                                                                                                                                                                                                                                                                                                                                                                                                                                                                                                                                                                                                                                                                                                                                                                               
-------------- ----------                                                                                                                                                                                                                                                                                                                                                                                                                                                                                                                                                                                                                                                                                                                                                                                                                                                                                                                                                                                                               
ACCOUNTING                                                                                                                                                                                                                                                                                                                                                                                                                                                                                                                                                                                                                                                                                                                                                                                                                                                                                                                                                                                                                              

SQL> 
SQL> ---8. Department Names and Hire Dates for Employees Hired After 1983 in Accounting or Research
SQL>
SQL> SELECT DNAME,HIREDATE
  2  FROM EMP E INNER JOIN DEPT D
  3  ON E.DEPTNO=D.DEPTNO
  4  WHERE HIREDATE > '31-DEC-1983' AND D.DNAME IN ('ACCOUNTING','RESEARCH');

DNAME          HIREDATE
-------------- ---------
RESEARCH       23-MAY-87
RESEARCH       19-APR-87

SQL>


SQL> --9. Employee and Department Names for Employees Receiving Commission in Departments 10 or 30

  1  select ename,dname
  2  from emp e inner join dept d
  3  on e.deptno=d.deptno
  4* where comm is not null and e.deptno in (10,30)
SQL> /

ENAME      DNAME
---------- --------------
TURNER     SALES
MARTIN     SALES
WARD       SALES
ALLEN      SALES

SQL> --10. Department Names and Employee Numbers for Specific Employees in New York
SQL> select dname,empno
  2  from emp e inner join dept d
  3  on e.deptno=d.deptno
  4  where empno in (7839,7902) and loc='NEW YORK';

DNAME               EMPNO
-------------- ----------
ACCOUNTING           7839

SQL>

SQL> SPOOL OFF
